gke,v1.26.5-gke.1200,169892
gke,v1.25.9-gke.2300,87686
gke,v1.25.10-gke.1200,78398
gke,v1.24.13-gke.2500,71806
gke,v1.24.14-gke.1200,37601
gke,v1.25.8-gke.1000,33583
gke,v1.23.17-gke.6800,32797
gke,v1.26.5-gke.1400,21818
gke,v1.24.14-gke.2700,18034
gke,v1.27.2-gke.1200,14528
gke,v1.27.3-gke.100,12231
gke,v1.25.10-gke.1400,9693
gke,v1.27.2-gke.2100,7657
gke,v1.26.5-gke.2100,7578
gke,v1.26.5-gke.2700,5042
gke,v1.24.14-gke.1400,4619
gke,v1.24.12-gke.1000,4147
gke,v1.25.10-gke.2700,3968
gke,v1.25.10-gke.2100,3932
gke,v1.24.12-gke.500,3592
gke,v1.27.3-gke.1700,3175
gke,v1.23.17-gke.5600,3064
gke,v1.24.15-gke.1700,2798
gke,v1.26.6-gke.1700,2553
gke,v1.25.11-gke.1700,2047
gke,v1.27.4-gke.200,1688
gke,v1.26.7-gke.200,1434
gke,v1.23.17-gke.10000,1290
gke,v1.22.17-gke.14100,1257
gke,v1.17.17-gke.9100,1247
gke,v1.27.4-gke.500,1136
gke,v1.24.16-gke.200,1068
gke,v1.25.12-gke.200,1016
gke,v1.22.17-gke.12700,967
gke,v1.26.7-gke.500,964
gke,v1.23.17-gke.7700,959
gke,v1.24.14-gke.2100,943
gke,v1.21.14-gke.15800,929
gke,v1.19.16-gke.11800,867
gke,v1.25.12-gke.500,844
gke,v1.24.16-gke.500,833
gke,v1.27.4-gke.300,821
gke,v1.26.7-gke.300,804
gke,v1.23.17-gke.10400,797
gke,v1.26.6-gke.500,761
gke,v1.25.7-gke.1000,729
gke,v1.27.3-gke.500,688
gke,v1.24.15-gke.500,678
gke,v1.18.20-gke.3001,666
gke,v1.23.17-gke.10700,655
gke,v1.25.12-gke.300,650
gke,v1.23.17-gke.8800,635
gke,v1.24.16-gke.300,616
gke,v1.25.11-gke.500,598
gke,v1.23.17-gke.7000,572
gke,v1.23.17-gke.1007000,514
gke,v1.25.9-gke.400,488
gke,v1.23.17-gke.10500,482
gke,v1.22.17-gke.16100,467
gke,v1.23.17-gke.8400,450
gke,v1.23.17-gke.1010000,400
gke,v1.21.14-gke.18800,395
gke,v1.24.9-gke.3200,390
gke,v1.23.17-gke.1008000,377
gke,v1.24.16-gke.1003000,376
gke,v1.20.15-gke.16600,350
gke,v1.26.7-gke.1006000,347
gke,v1.22.17-gke.16400,345
gke,v1.26.2-gke.1001,338
gke,v1.23.14-gke.1800,317
gke,v1.24.16-gke.1004000,273
gke,v1.23.16-gke.1400,263
gke,v1.20.15-gke.13700,262
gke,v1.18.20-gke.901,227
gke,v1.25.12-gke.1005000,206
gke,v1.24.11-gke.1000,205
gke,v1.25.12-gke.1003000,200
gke,v1.26.7-gke.1003000,199
gke,v1.15.12-gke.6002,193
gke,v1.25.12-gke.1004000,192
gke,v1.25.8-gke.500,192
gke,v1.24.10-gke.2300,191
gke,v1.22.17-gke.1400,185
gke,v1.26.7-gke.1005000,185
gke,v1.23.17-gke.2000,180
gke,v1.26.7-gke.1004000,164
gke,v1.23.5-gke.1505,137
gke,v1.12.10-gke.22,133
gke,v1.26.2-gke.1000,127
gke,v1.22.12-gke.2300,126
gke,v1.26.3-gke.1000,126
gke,v1.25.5-gke.1001,121
gke,v1.24.9-gke.2000,116
gke,v1.22.15-gke.100,106
gke,v1.22.8-gke.202,100
gke,v1.16.15-gke.12500,99
gke,v1.26.1-gke.1500,91
gke,v1.23.17-gke.1700,86
gke,v1.24.5-gke.600,84
gke,v1.22.17-gke.5400,80
gke,v1.24.13-gke.500,79
gke,v1.22.17-gke.14500,77
gke,v1.22.8-gke.200,75
gke,v1.25.4-gke.400,72
gke,v1.22.17-gke.16200,68
gke,v1.27.2-gke.1900,66
gke,v1.26.3-gke.400,65
gke,v1.21.14-gke.14100,58
gke,v1.24.8-gke.2000,56
gke,v1.20.15-gke.11400,55
gke,v1.22.10-gke.600,52
gke,v1.21.14-gke.2700,50
gke,v1.22.17-gke.8000,49
gke,v1.24.16-gke.400,49
gke,v1.22.15-gke.1000,46
gke,v1.24.7-gke.900,46
gke,v1.26.4-gke.500,46
gke,v1.13.12-gke.30,44
gke,v1.24.9-gke.2500,43
gke,v1.26.7-gke.400,41
gke,v1.24.3-gke.900,40
gke,v1.24.7-gke.1700,40
gke,v1.26.4-gke.1400,40
gke,v1.25.6-gke.200,38
gke,v1.28.0-gke.999999.99+rc.0-235-gaabeef267cc8d1-61e98d1a-0e58-4c44-bedd-5f24517744ed,38
gke,v1.18.20-gke.501,37
gke,v1.14.10-gke.50,34
gke,v1.21.12-gke.2200,34
gke,v1.21.14-gke.700,34
gke,v1.27.1-gke.400,32
gke,v1.20.15-gke.12800,31
gke,v1.22.6-gke.300,31
gke,v1.22.13-gke.1000,30
gke,v1.23.8-gke.1900,30
gke,v1.28.0-gke.999999.99+beta.0-257-g9e9f07aff2c6db-96406c94-10dc-4f99-9c8b-289aab7d270f,29
gke,v1.28.0-gke.999999.99+rc.0-226-g4f387f0cd5b5cc-bdf35cc4-4845-4e1d-8db7-ba103a025f1f,27
gke,v1.24.9-gke.2300,26
gke,v1.26.3-gke.200,26
gke,v1.28.0-gke.999999.99+beta.0-257-g9e9f07aff2c6db-3eeb3239-a0e5-41bd-8373-1da6c9cbd7eb,26
gke,v1.28.0-gke.999999.99+rc.0-229-g66d98261eb9fda-d70825b8-cf23-4539-bce7-ca5b5a07c1e4,26
gke,v1.28.0-gke.999999.99+beta.0-265-gf80838928b8a15-3e2ef78c-5ef5-42e7-896a-5bd0a7d8d0f3,24
gke,v1.21.14-gke.7100,23
gke,v1.23.12-gke.1600,23
gke,v1.23.5-gke.1500,23
gke,v1.24.1-gke.200,23
gke,v1.25.12-gke.400,23
gke,v1.25.5-gke.2000,23
gke,v1.27.4-gke.999999.99+276-g3487924a6f157a-0bd6c8ff-356f-45e0-b0b8-0b2f5342a913,23
gke,v1.27.4-gke.999999.99+276-g3487924a6f157a-4633c664-a871-486a-9603-5f1d9fe01074,23
gke,v1.21.13-gke.900,22
gke,v1.22.15-gke.2500,22
gke,v1.14.10-gke.36,21
gke,v1.23.16-gke.1100,21
gke,v1.27.4-gke.400,21
gke,v1.17.17-gke.4900,20
gke,v1.21.14-gke.5300,20
gke,v1.21.9-gke.1002,20
gke,v1.22.3-gke.1000,20
gke,v1.25.7-gke.800,20
gke,v1.28.0-gke.999999.99+beta.0-257-g9e9f07aff2c6db-52f3d994-426f-4102-9084-9bd748440c5d,20
gke,v1.22.11-gke.400,19
gke,v1.22.12-gke.300,19
gke,v1.22.8-gke.201,19
gke,v1.23.12-gke.100,19
gke,v1.24.3-gke.200,19
gke,v1.21.14-gke.4300,18
gke,v1.24.1-gke.500,18
gke,v1.27.3-gke.1500,18
gke,v1.22.8-gke.204,17
gke,v1.25.1-gke.500,17
gke,v1.16.15-gke.7800,16
gke,v1.21.12-gke.1500,16
gke,v1.22.9-gke.1500,16
gke,v1.25.6-gke.1000,16
gke,v1.27.4-gke.999999.99+276-g3487924a6f157a-348e12d4-f9a4-4e89-897d-c213c20afce9,16
gke,v1.19.16-gke.11000,15
gke,v1.21.14-gke.3000,15
gke,v1.21.6-gke.1500,15
gke,v1.23.17-gke.300,15
gke,v1.24.13-gke.1500,15
gke,v1.24.2-gke.1900,15
gke,v1.28.0-gke.999999.99+beta.0-257-g9e9f07aff2c6db-0b9f04f4-f6de-4468-9a86-771ae0ccb498,15
gke,v1.28.0-gke.999999.99+rc.0-236-gb0459e1a724f9b-61f0053c-8069-4ab8-a129-7b64831a3da6,15
gke,v1.20.9-gke.1000,14
gke,v1.24.4-gke.800,14
gke,v1.28.0-gke.999999.99+beta.0-257-g9e9f07aff2c6db-343e7f4a-10ff-417a-b30d-a7118701da8a,14
gke,v1.21.11-gke.900,13
gke,v1.23.14-gke.401,13
gke,v1.24.0-gke.1000,13
gke,v1.24.1-gke.1800,13
gke,v1.27.2-gke.2600,13
gke,v1.20.15-gke.8000,12
gke,v1.21.11-gke.1100,12
gke,v1.27.2-gke.2400,12
gke,v1.27.4-gke.999999.99+276-g3487924a6f157a-49dcdd33-30a6-4268-97bd-100a3025308e,12
gke,v1.18.17-gke.1901,11
gke,v1.21.0-gke.1000,11
gke,v1.21.10-gke.2000,11
gke,v1.21.11-gke.1900,11
gke,v1.21.14-gke.14600,11
gke,v1.25.3-gke.800,11
gke,v1.26.3-gke.1800,11
gke,v1.27.2-gke.2500,11
gke,v1.27.4-gke.999999.99+276-g3487924a6f157a-b74b7855-9b45-4c04-b171-18b3b5251bde,11
gke,v1.27.4-gke.999999.99+276-g3487924a6f157a-d0f65312-b39c-4ad9-a4a2-1c6f967b5120,11
gke,v1.21.6-gke.1503,10
gke,v1.22.17-gke.3100,10
gke,v1.22.3-gke.1500,10
gke,v1.23.17-gke.10600,10
gke,v1.24.11-gke.200,10
gke,v1.19.16-gke.10800,9
gke,v1.20.15-gke.1000,9
gke,v1.21.5-gke.1302,9
gke,v1.25.5-gke.1500,9
gke,v1.26.3-gke.1100,9
gke,v1.28.0-gke.1000000,9
gke,v1.28.0-gke.999999.99+beta.0-257-g9e9f07aff2c6db-7f3d1e46-b18a-4493-894b-f147ac791494,9
gke,v1.15.12-gke.20,8
gke,v1.16.8-gke.15,8
gke,v1.17.17-gke.8200,8
gke,v1.18.12-gke.1200,8
gke,v1.19.14-gke.1900,8
gke,v1.20.11-gke.1300,8
gke,v1.23.17-gke.3600,8
gke,v1.23.2-gke.300,8
gke,v1.23.3-gke.1100,8
gke,v1.24.10-gke.2700,8
gke,v1.24.2-gke.300,8
gke,v1.25.6-gke.1500,8
gke,v1.26.4-gke.2400,8
gke,v1.27.3-gke.1100,8
gke,v1.28.0-gke.999999.99+rc.0-235-gaabeef267cc8d1-5f0888ac-06d0-4fce-bf4b-1e2d6c840dcc,8
gke,v1.14.10-gke.42,7
gke,v1.18.20-gke.900,7
gke,v1.19.9-gke.1900,7
gke,v1.21.12-gke.1700,7
gke,v1.21.14-gke.9500,7
gke,v1.22.17-gke.7500,7
gke,v1.22.7-gke.300,7
gke,v1.23.7-gke.1400,7
gke,v1.24.0-gke.1800,7
gke,v1.24.3-gke.1700,7
gke,v1.26.3-gke.300,7
gke,v1.27.2-gke.1400,7
gke,v1.27.4-gke.999999.99+275-g2ea8f849751b02-5c8e2235-944e-4710-827d-fa7d32036c75,7
gke,v1.27.4-gke.999999.99+276-g3487924a6f157a-127ed037-5a84-4d7a-849c-0c45cc6135c8,7
gke,v1.19.13-gke.1901,6
gke,v1.20.15-gke.2500,6
gke,v1.20.8-gke.2100,6
gke,v1.20.8-gke.900,6
gke,v1.22.17-gke.4000,6
gke,v1.23.17-gke.100,6
gke,v1.23.6-gke.1700,6
gke,v1.24.10-gke.1200,6
gke,v1.24.11-gke.300,6
gke,v1.24.14-gke.100,6
gke,v1.24.3-gke.500,6
gke,v1.24.9-gke.1000,6
gke,v1.25.4-gke.2100,6
gke,v1.26.2-gke.800,6
gke,v1.26.4-gke.1500,6
gke,v1.26.4-gke.2500,6
gke,v1.26.5-gke.100,6
gke,v1.26.5-gke.900,6
gke,v1.27.1-gke.1400,6
gke,v1.13.12-gke.25,5
eks,v1.23.17-eks-a5565ad,95858
eks,v1.21.14-eks-a5565ad,92304
eks,v1.24.15-eks-a5565ad,87174
eks,v1.25.11-eks-a5565ad,55380
eks,v1.22.17-eks-a5565ad,48954
eks,v1.27.3-eks-a5565ad,45882
eks,v1.26.6-eks-a5565ad,30473
eks,v1.21.14-eks-fb459a0,811
eks,v1.21.14-eks-9edda67,804
eks,v1.22.15-eks-fb459a0,394
eks,v1.22.17-eks-9edda67,355
eks,v1.23.17-eks-9edda67,340
eks,v1.20.15-eks-fb459a0,320
eks,v1.20.15-eks-ec5523e,317
eks,v1.25.12-eks-9edda67,314
eks,v1.24.16-eks-9edda67,308
eks,v1.27.4-eks-9edda67,291
eks,v1.19.16-eks-a05fdea,284
eks,v1.26.7-eks-9edda67,283
eks,v1.24.10-eks-48e63af,269
eks,v1.24.13-eks-0a21954,258
eks,v1.23.17-eks-0a21954,241
eks,v1.23.13-eks-fb459a0,239
eks,v1.18.20-eks-8c579e,229
eks,v1.24.14-eks-c12679a,209
eks,v1.23.16-eks-48e63af,197
eks,v1.23.17-eks-c12679a,194
eks,v1.22.16-eks-ffeb93d,193
eks,v1.15.12-eks-9fd540,184
eks,v1.22.17-eks-0a21954,182
eks,v1.21.14-eks-0a21954,180
eks,v1.21.14-eks-c12679a,180
eks,v1.20.15-eks-48e63af,179
eks,v1.20.15-eks-d0ad32d,176
eks,v1.17.17-eks-087e67,175
eks,v1.22.17-eks-48e63af,171
eks,v1.19.13-eks-8df270,162
eks,v1.25.9-eks-0a21954,161
eks,v1.16.15-eks-e1a842,160
eks,v1.25.8-eks-ec5523e,160
eks,v1.21.14-eks-ffeb93d,158
eks,v1.24.8-eks-ffeb93d,157
eks,v1.24.9-eks-4f83af2,155
eks,v1.25.10-eks-c12679a,154
eks,v1.22.17-eks-c12679a,147
eks,v1.23.14-eks-ffeb93d,139
eks,v1.24.12-eks-ec5523e,139
eks,v1.21.14-eks-48e63af,138
eks,v1.26.4-eks-0a21954,131
eks,v1.27.2-eks-c12679a,120
eks,v1.25.6-eks-48e63af,117
eks,v1.14.9-eks-f6ee9a,110
eks,v1.21.14-eks-9e734f7,108
eks,v1.23.17-eks-ec5523e,102
eks,v1.23.17-eks-1c2761d,94
eks,v1.20.15-eks-9e9f427,90
eks,v1.18.20-eks-154371,88
eks,v1.22.16-eks-9e734f7,75
eks,v1.26.5-eks-c12679a,66
eks,v1.22.17-eks-ec5523e,62
eks,v1.24.7-eks-fb459a0,56
eks,v1.27.1-eks-2f008fe,56
eks,v1.19.15-eks-9c63c4,55
eks,v1.21.14-eks-ec5523e,44
eks,v1.23.14-eks-9e734f7,39
eks,v1.26.2-eks-a59e1f0,38
eks,v1.18.20-eks-8c49e2,32
eks,v1.23.17-eks-917dc02,29
eks,v1.16.9-eks.39,28
eks,v1.17.17-eks-a33169,28
eks,v1.24.16-eks-917dc02,25
eks,v1.24.9-eks-300e41d,25
eks,v1.25.12-eks-917dc02,23
eks,v1.27.4-eks-917dc02,23
eks,v1.13.12-eks-84cca4,21
eks,v1.22.17-eks-917dc02,20
eks,v1.21.14-eks-917dc02,18
eks,v1.26.7-eks-917dc02,18
eks,v1.20.15-eks-9e734f7,17
eks,v1.21.5-eks-1-21,16
eks,v1.19.16-eks-de875a99,15
eks,v1.21.14-eks-d0ad32d,15
eks,v1.24.8-eks-bd3e42e,14
eks,v1.20.15-eks-a5565ad,13
eks,v1.26.1-eks-48e63af,13
eks,v1.12.10-eks-aae39f,12
eks,v1.17.17-eks-7bcdec,12
eks,v1.22.16-eks-d0ad32d,12
eks,v1.22.17-eks-e0e89e9,11
eks,v1.20.7-eks-d88609,9
eks,v1.21.2-eks-0389ca3,9
eks,v1.11.10-eks-b146b6,8
eks,v1.23.15-eks-300e41d,8
eks,v1.14.5-eks.34,7
eks,v1.23.7-eks-7709a84,7
eks,v1.21.2-eks-1-21-4,6
eks,v1.23.15-eks-49d8fe8,6
eks,v1.24.6-eks-1558457,6
tke,v1.22.5-tke.16,798
tke,v1.20.6-tke.34,706
tke,v1.18.4-tke.37,690
tke,v1.24.4-tke.7,406
tke,v1.18.4-tke.30,211
tke,v1.20.6-tke.24,124
tke,v1.16.3-tke.35,112
tke,v1.26.1-tke.1,109
tke,v1.24.4-tke.5,95
tke,v1.22.5-tke.1,68
tke,v1.20.6-tke.12,60
tke,v1.20.6-tke.9,49
tke,v1.20.6-tke.30,36
tke,v1.20.6-tke.27,35
tke,v1.21.4-tke.3,31
tke,v1.10.5-tke.3,30
tke,v1.16.3-tke.32,26
tke,v1.18.4-tke.28,24
tke,v1.12.4-tke.3,23
tke,v1.18.4-tke.3,22
tke,v1.20.6-tke.31,20
tke,v1.18.4-tke.17,19
tke,v1.20.6-tke.17,19
tke,v1.20.6-tke.33,19
tke,v1.20.6-tke.6,19
tke,v1.20.6-tke.21,17
tke,v1.24.4-tke.9,16
tke,v1.22.5-tke.9,15
tke,v1.10.5-tke.4,14
tke,v1.18.4-tke.14,14
tke,v1.22.5-tke.11,13
tke,v1.22.5-tke.5,13
tke,v1.22.5-tke.18,11
tke,v1.22.5-tke.7,11
tke,v1.14.3-tke.9,10
tke,v1.14.3-tke.22,9
tke,v1.22.5-tke.15,9
tke,v1.24.4-tke.3,9
tke,v1.14.3-tke.4,8
tke,v1.10.5-tke.20,7
tke,v1.20.6-tke.16,7
tke,v1.20.6-tke.37,7
tke,v1.24.4-tke.6,7
tke,v1.10.5-tke.10,6
tke,v1.12.4-tke.28,6
tke,v1.22.5-tke.12,6
tke,v1.14.3-tke.12,5
iks,v1.24.15+IKS,49587
iks,v1.25.11+IKS,44478
iks,v1.26.6+IKS,23537
iks,v1.27.3+IKS,6626
iks,v1.23.17+IKS,3545
iks,v1.20.15+IKS,3057
iks,v1.21.14+IKS,1812
iks,v1.25.12+IKS,1621
iks,v1.22.17+IKS,1526
iks,v1.19.16+IKS,1279
iks,v1.18.20+IKS,1028
iks,v1.26.7+IKS,982
iks,v1.17.17+IKS,647
iks,v1.24.12+IKS,476
iks,v1.24.14+IKS,457
iks,v1.24.16+IKS,425
iks,v1.27.4+IKS,389
iks,v1.25.8+IKS,344
iks,v1.28.0-alpha.4+IKS,173
iks,v1.27.2+IKS,122
iks,v1.24.13+IKS,97
iks,v1.20.13+IKS,91
iks,v1.25.10+IKS,79
iks,v1.24.3+IKS,78
iks,v1.26.4+IKS,73
iks,v1.25.6+IKS,66
iks,v1.24.10+IKS,62
iks,v1.23.16+IKS,57
iks,v1.28.0-alpha.3+IKS,55
iks,v1.22.16+IKS,53
iks,v1.26.0+IKS,50
iks,v1.23.12+IKS,44
iks,v1.25.9+IKS,44
iks,v1.18.19+IKS,40
iks,v1.24.9+IKS,35
iks,v1.27.1+IKS,35
iks,v1.25.7+IKS,27
iks,v1.26.0-beta.0+IKS,27
iks,v1.26.5+IKS,23
iks,v1.19.15+IKS,22
iks,v1.22.15+IKS,19
iks,v1.23.15+IKS,15
iks,v1.26.1+IKS,13
aliyun,v1.24.6-aliyun.1,2396
aliyun,v1.20.11-aliyun.1,1831
aliyun,v1.22.15-aliyun.1,1514
aliyun,v1.26.3-aliyun.1,1340
aliyun,v1.18.8-aliyun.1,1065
aliyun,v1.22.3-aliyun.1,984
aliyun,v1.20.4-aliyun.1,730
aliyun,v1.16.9-aliyun.1,685
aliyun,v1.22.10-aliyun.1,554
aliyun,v1.14.8-aliyun.1,304
aliyun,v1.18.8-aliyunedge.1,265
aliyun,v1.16.6-aliyun.1,264
aliyun,v1.14.8-aliyunedge.1,216
aliyun,v1.12.6-aliyun.1,156
aliyun,v1.24.3-aliyun.1,87
aliyun,v1.20.11-aliyunedge.1,47
aliyun,v1.14.6-aliyun.1,36
aliyun,v1.12.6-aliyunedge.2,26
aliyun,v1.16.9-aliyunedge.1,25
aliyun,v1.22.15-aliyunedge.1,25
aliyun,v1.22.3-aliyun.1.119+b8a2b070e09464,24
aliyun,v1.24.6-aliyunedge.1,19
aliyun,v1.20.4-aliyun.1.121+6250717874028e,17
aliyun,v1.18.8-aliyunens.1,9
openshift,v1.23.17+16bcd69,93903
openshift,v1.24.12+ceaf338,49061
openshift,v1.22.17+71d09da,30596
openshift,v1.21.14+a17bdb3,17319
openshift,v1.25.8+37a9a08,930
openshift,v1.18.3+d8ef5ad,928
openshift,v1.11.0+d4cacc0,482
openshift,v1.9.1+a0ce1bc657,39
openshift,v1.10.0+b81c8f8,23
openshift,v1.7.6+a08f5eeb62,15
openshift,v1.6.1+5115d708d7,14
openshift,v1.22.8-rc.0.2019+71d09da80de984-dirty,12
openshift,v1.20.0+df9c838,10
openshift,v1.23.5-rc.0.2497+16bcd69799fb69-dirty,10
openshift,v1.25.0-2826+37a9a084bcb483-dirty,8
openshift,v1.20.0+7d0a2b2,6
openshift,v1.20.0-1058+7d0a2b269a2741-dirty,6
unclassified,v1.25.10+3fe2906,35739
unclassified,v1.25.8,19317
unclassified,v1.26.3,15162
unclassified,v1.19.16+8203b20,8309
unclassified,v1.26.3+b404935,5650
unclassified,v1.20.15+98b2293,4197
unclassified,v1.25.11+1485cc9,4135
unclassified,v1.24.15+990d55b,2947
unclassified,v1.21.14,2210
unclassified,v1.27.2,1809
unclassified,v1.27.3,1739
unclassified,v1.26.6,1607
unclassified,v1.23.17,1513
unclassified,v1.26.5+7d22122,1464
unclassified,v1.24.8,1378
unclassified,v1.23.12+8a6bfe4,1064
unclassified,v1.25.6,960
unclassified,v1.27.1,938
unclassified,v1.25.4,932
unclassified,v1.23.14,923
unclassified,v1.26.6+f245ced,897
unclassified,v1.26.2,861
unclassified,v1.21.5,851
unclassified,v1.26.6+73ac561,831
unclassified,v1.23.6,809
unclassified,v1.26.0,787
unclassified,v1.27.4,783
unclassified,v1.26.7,725
unclassified,v1.24.6,716
unclassified,v1.26.1,709
unclassified,v1.24.13,705
unclassified,v1.16.14,690
unclassified,v1.23.5,688
unclassified,v1.24.3,681
unclassified,v1.24.4,680
unclassified,v1.25.12,670
unclassified,v1.26.5,643
unclassified,v1.24.7,630
unclassified,v1.25.10+8c21020,627
unclassified,v1.24.6+5658434,615
unclassified,v1.22.17,611
unclassified,v1.23.3,585
unclassified,v1.25.11,538
unclassified,v1.25.7+eab9cc9,524
unclassified,v1.27.0,524
unclassified,v1.27.3+4aaeaec,523
unclassified,v1.23.10,519
unclassified,v1.26.4,516
unclassified,v1.27.1-3140+4aaeaec06c95e0-dirty,499
unclassified,v1.22.16,465
unclassified,v1.24.10,435
unclassified,v1.23.7,398
unclassified,v1.20.15,397
unclassified,v1.21.0,390
unclassified,v1.20.6-3+054f518d3e207f,388
unclassified,v1.22.12,386
unclassified,v1.23.4,384
unclassified,v1.23.5+8471591,378
unclassified,v1.22.2,361
unclassified,v1.18.10,356
unclassified,v1.23.16,354
unclassified,v1.20.11,347
unclassified,v1.21.11+5cc9227,340
unclassified,v1.23.9,335
unclassified,v1.21.1,332
unclassified,v1.25.11+c43ddea,332
unclassified,v1.25.5,332
unclassified,v1.25.3,329
unclassified,v1.25.8+27e744f,328
unclassified,v1.24.0,323
unclassified,v1.24.9,312
unclassified,v1.21.6,311
unclassified,v1.22.8+9e95cb9,307
unclassified,v1.22.3,305
unclassified,v1.23.1,304
unclassified,v1.25.0,302
unclassified,v1.25.9,296
unclassified,v1.23.0,294
unclassified,v1.24.2,294
unclassified,v1.22.6,286
unclassified,v1.25.10,282
unclassified,v1.14.8-180+7b9d41a78b6862,272
unclassified,v1.24.11,272
unclassified,v1.22.5,268
unclassified,v1.25.2,266
unclassified,v1.23.8,254
unclassified,v1.24.1,252
unclassified,v1.24.15,252
unclassified,v1.21.11+6b3cbdd,242
unclassified,v1.24.12,240
unclassified,v1.19.16+6175753,233
unclassified,v1.23.15,230
unclassified,v1.20.4,229
unclassified,v1.22.9+vmware.1,229
unclassified,v1.22.15,224
unclassified,v1.21.3,212
unclassified,v1.22.9,208
unclassified,v1.19.15,203
unclassified,v1.19.16,203
unclassified,v1.24.6+263df15,201
unclassified,v1.18.4,199
unclassified,v1.24.11+af0420d,198
unclassified,v1.24.14+38b1413,191
unclassified,v1.23.13,189
unclassified,v1.23.5+3afdacb,188
unclassified,v1.22.1,186
unclassified,v1.18.8,184
unclassified,v1.17.17,181
unclassified,v1.22.8,179
unclassified,v1.25.7,174
unclassified,v1.18.20,173
unclassified,v1.19.3,173
unclassified,v1.22.4,169
unclassified,v1.18.0,167
unclassified,v1.24.14,165
unclassified,v1.25.4+77bec7a,165
unclassified,v1.21.13-3+cbc10c94808907,164
unclassified,v1.15.5,163
unclassified,v1.27.3+e8b13aa,162
unclassified,v1.17.1+5ef953f,159
unclassified,v1.22.10,158
unclassified,v1.24.0+3882f8f,158
unclassified,v1.20.0,154
unclassified,v1.22.15+c763d11,154
unclassified,v1.20.7,152
unclassified,v1.23.10+vmware.1,152
unclassified,v1.23.5+012e945,150
unclassified,v1.24.10+vmware.1,150
unclassified,v1.20.2,146
unclassified,v1.18.2-1+358c6e79ce6f76-dirty,142
unclassified,v1.20.9,138
unclassified,v1.21.7,137
unclassified,v0.3.6-1+cd1946c4e50837-dirty,136
unclassified,v1.18.18,136
unclassified,v1.19.0+d5ed12c,136
unclassified,v1.18.6,131
unclassified,v1.22.5+a36406b,131
unclassified,v1.18.2,130
unclassified,v1.21.4,130
unclassified,v1.21.2,127
unclassified,v1.18.3,126
unclassified,v1.26.4-2872+73ac5612fbb16a-dirty,126
unclassified,v1.25.1,125
unclassified,v1.20.15-vke.7,124
unclassified,v1.24.6+deccab3,124
unclassified,v1.26.0+k3s1,123
unclassified,v1.22.0,122
unclassified,v1.24.15-2+4863e32203a05d,122
unclassified,v1.25.4+a34b9e9,122
unclassified,v1.23.12,120
unclassified,v1.20.12,119
unclassified,v1.26.5+7a891f0,119
unclassified,v1.19.13+k3s1,118
unclassified,v1.24.9+vmware.1,118
unclassified,v1.23.12+7566c4d,113
unclassified,v1.19.4,112
unclassified,v1.19.7,111
unclassified,v1.26.5+vmware.2,110
unclassified,v1.15.12,109
unclassified,v1.16.15,107
unclassified,v1.20.1,107
unclassified,v1.24.4+k3s1,107
unclassified,v1.14.10-tk8s.1.4+2f7b4c68ce2039,106
unclassified,v1.16.4-12.8d683d9,106
unclassified,v1.20.5,103
unclassified,v1.20.6,103
unclassified,v1.25.5+k3s1,102
unclassified,v1.19.0,99
unclassified,v1.23.8+vmware.2,99
unclassified,v1.20.11+vmware.1,98
unclassified,v1.25.0-2824+27e744f55d2e99-dirty,97
unclassified,v0.6.2,93
unclassified,v1.21.8+ed4d8fd,92
unclassified,v1.19.16+ec4226d,91
unclassified,v1.19.9,90
unclassified,v1.21.12,89
unclassified,v1.21.8,89
unclassified,v1.24.5,89
unclassified,v1.20.11+c343126,82
unclassified,v1.19.8+k3s1,80
unclassified,v1.24.0-2568+56584349e9412b-dirty,77
unclassified,v1.23.2,76
unclassified,v1.23.17-2+40cc20cc310518,75
unclassified,v1.22.13,74
unclassified,v0.4.2,73
unclassified,v1.20.14-es,73
unclassified,v1.29.0-alpha.0.15+d4fde1e92a83cb,73
unclassified,v1.19.2,72
unclassified,v1.20.11+e880017,72
unclassified,v1.25.4+18eadca,72
unclassified,v1.24.8+k3s1,71
unclassified,v1.13.2,70
unclassified,v1.19.12,70
unclassified,v1.21.6+b82a451,70
unclassified,v1.21.11,68
unclassified,v1.22.11,68
unclassified,v1.17.3,67
unclassified,v1.25.7+vmware.2,67
unclassified,v1.17.9,66
unclassified,v1.25.0-2786+eab9cc98fe4c00-dirty,66
unclassified,v0.0.0-master+$Format:%h$,65
unclassified,v1.19.5,65
unclassified,v1.20.10,64
unclassified,v1.21.10,64
unclassified,v1.24.15+a9da4a8,62
unclassified,v0.6.3,61
unclassified,v1.18.9,61
unclassified,v1.21.9,61
unclassified,v1.26.5+0001a21,61
unclassified,v1.21.2+vmware.1,60
unclassified,v1.24.16,60
unclassified,v1.23.6+k3s1,56
unclassified,v1.18.16,55
unclassified,v1.20.0+bbbc079,55
unclassified,v1.24.11+vmware.1,55
unclassified,v0.6.1,54
unclassified,v1.20.13,54
unclassified,v1.20.13-35+d877e7a8ac536e,54
unclassified,v1.26.4-2833+7a891f05c7beb9-dirty,53
unclassified,v1.15.3,52
unclassified,v1.22.7,52
unclassified,v1.24.0+b62823b,52
unclassified,v1.24.12+8f6c8a6,52
unclassified,v1.18.8+k3s1,51
unclassified,v1.22.17-3+0fce92c0b323ac,50
unclassified,v1.24.6+5157800,49
unclassified,v1.20.6-2+defd33bc9dc359,48
unclassified,v1.23.14+k3s1,48
unclassified,v1.13.1,47
unclassified,v1.13.4,47
unclassified,v1.26.4-2868+a7ee68b55354d8-dirty,47
unclassified,v1.14.1,46
unclassified,v1.15.2,46
unclassified,v1.17.4,46
unclassified,v1.18.5,46
unclassified,v1.25.9-112595+1485cc947720a8-dirty,46
unclassified,v1.19.14+fcff70a,45
unclassified,v1.20.8,45
unclassified,v1.21.13,45
unclassified,v1.24.1+k3s1,45
unclassified,v1.24.9+k3s1,45
unclassified,v1.16.3,44
unclassified,v1.20.14,44
unclassified,v1.23.5+9ce5071,44
unclassified,v1.13.12,43
unclassified,v1.19.8,43
unclassified,v1.27.2+vmware.2,43
unclassified,v1.15.0,42
unclassified,v1.24.0+dc5a2fd,41
unclassified,v1.16.2,40
unclassified,v1.20.7+rke2r2,40
unclassified,v1.21.7+k3s1,40
unclassified,v1.21.8+vmware.1,40
unclassified,v1.23.3+e419edf,40
unclassified,v1.24.10-vke.11,40
unclassified,v1.16.4,39
unclassified,v1.16.7,39
unclassified,v1.21.6+bb8d50a,39
unclassified,v1.22.5+vmware.1,39
unclassified,v1.23.3+k3s1,39
unclassified,v1.26.4+k3s1,39
unclassified,v0.1.9,38
unclassified,v1.19.12-nks.3,38
unclassified,v1.23.5-rc.0.2076+8cfebb1ce4a59f-dirty,37
unclassified,v1.11.5,36
unclassified,v1.26.0-2934+b40493584076fb-dirty,36
unclassified,v0.3.6-1+d1f4f6fc09cd31-dirty,35
unclassified,v1.14.10,34
unclassified,v1.16.8,34
unclassified,v1.2.0-rancher-1,33
unclassified,v1.12.3,32
unclassified,v1.16.9,32
unclassified,v1.23.5-rc.0.2071+3afdacbd018325-dirty,32
unclassified,v1.24.0-2368+b62823b40c2cb1-dirty,32
unclassified,v0.4.1,31
unclassified,v1.16.6,31
unclassified,v1.18.12,31
unclassified,v1.24.0-2566+5157800f2a3bc3-dirty,31
unclassified,v1.5.2,31
unclassified,v1.15.9-beta.0,29
unclassified,v1.16.0,29
unclassified,v1.22.3+fdba464,29
unclassified,v1.22.8+f34b40c,29
unclassified,v1.25.0-2653+a34b9e9499e6c3-dirty,29
unclassified,v1.14.3,28
unclassified,v1.19.14,28
unclassified,v1.20.15-vke.8,28
unclassified,v1.28.0-beta.0.49+dc6d8c6b582dea,28
unclassified,v1.14.0,27
unclassified,v1.20.4+vmware.1,27
unclassified,v1.23.12+a57ef08,27
unclassified,v1.25.4+vmware.1,27
unclassified,v1.19.0+4c3480d,26
unclassified,v1.27.1+03d56da,26
unclassified,v1.17.2,25
unclassified,v1.17.6,25
unclassified,v1.18.15,25
unclassified,v1.19.13,24
unclassified,v1.21.1+9807387,24
unclassified,v1.22.3+e790d7f,24
unclassified,v1.18.19,23
unclassified,v1.19.10,23
unclassified,v1.27.2+k3s-6e0bc13f,23
unclassified,1.6.1,22
unclassified,v1.15.9,22
unclassified,v1.17.0,22
unclassified,v1.19.16+vmware.1,22
unclassified,v1.20.6+vmware.1,22
unclassified,v1.16.10,21
unclassified,v1.17.1,21
unclassified,v1.18.17,21
unclassified,v1.19.6,21
unclassified,v1.24.12-hpe3,21
unclassified,1.9.0,20
unclassified,v1.14.6,20
unclassified,v1.17.7,20
unclassified,v1.26.7-1+1bd57f9050dd9f,20
unclassified,v1.29.0-alpha.0.11+98358b8ce11b0c,20
unclassified,v1.9.0,20
unclassified,v1.14.2,19
unclassified,v1.14.6-23.3d03dd1,19
unclassified,v1.18.16+rke2r1,19
unclassified,v1.27.2+k3s1,19
unclassified,v1.13.3,18
unclassified,v1.13.5,18
unclassified,v1.16.1,18
unclassified,v1.20.15-2+c72627d827c130,18
unclassified,v1.20.15-vke.17,18
unclassified,v1.21.14+k3s1,18
unclassified,v1.22.1-1839+b93fd35dd03051-dirty,18
unclassified,v1.10.2,17
unclassified,v1.19.1+vmware.2,17
unclassified,v1.20.0+bafe72f,17
unclassified,v1.21.8+ee73ea2,17
unclassified,v1.22.8+vmware.1,17
unclassified,v1.23.3-2003+e419edff267ffa-dirty,17
unclassified,v1.24.10-vke.6,17
unclassified,v1.24.10-vke.8,17
unclassified,v1.24.16-1+fd702e7918b6f2,17
unclassified,v1.27.4-3+6d31f4b31ba129,17
unclassified,v1.16.7-dirty,16
unclassified,v1.21.14-1487+8b969e70424172-dirty,16
unclassified,v1.23.11,16
unclassified,v2.1.0-tos-final-build-20220805-tdh,16
unclassified,1.2.3,15
unclassified,v1.11.2,15
unclassified,v1.17.3+vmware.2,15
unclassified,v1.19.15-34+c064bb32deff78,15
unclassified,v1.19.16+3d19195,15
unclassified,v1.21.14+8b969e7,15
unclassified,v1.22.3+vmware.1,15
unclassified,v1.23.13-hpe2,15
unclassified,v1.23.17+k3s1,15
unclassified,v1.24.0+4f0dd4d,15
unclassified,v1.24.10-vke.9,15
unclassified,v1.28.0-beta.0.41+7e0a9a7f4e70e4,15
unclassified,v1.29.0-alpha.0.17+97c7dbcd227ec2,15
unclassified,v0.5.0,14
unclassified,v1.11.6,14
unclassified,v1.17.5,14
unclassified,v1.20.0-1077+2817867655bb7b-dirty,14
unclassified,v1.21.3+k3s1,14
unclassified,v1.15.11,13
unclassified,v1.18.10-23+82c2de2bdd221b,13
unclassified,v1.19.2-1049+f173eb4a83e557-dirty,13
unclassified,v1.21.14+vmware.1,13
unclassified,v1.21.2-1555+9e8f924492b7d7-dirty,13
unclassified,v1.22.1-1824+934e08bc2ce38f-dirty,13
unclassified,v1.22.3+b93fd35,13
unclassified,v1.22.7+k3s1,13
unclassified,v1.23.8+vmware.3,13
unclassified,v1.24.13-2472+a9da4a82a7d9ec-dirty,13
unclassified,v1.27.3+rke2r1,13
unclassified,v1.8.3,13
unclassified,v1.17.8,12
unclassified,v1.19.7-33+76f5cc74ec525b-dirty,12
unclassified,v1.20.15-vke.9,12
unclassified,v1.21.6+c180a7c,12
unclassified,v1.24.0-2364+954643139fe994-dirty,12
unclassified,v1.24.9-hpe1,12
unclassified,v1.25.10+vmware.1,12
unclassified,v1.25.10+vmware.2,12
unclassified,v1.17.12,11
unclassified,v1.19.9-17,11
unclassified,v1.20.5+vmware.1,11
unclassified,v1.20.7-1330+bbbc0799c02950-dirty,11
unclassified,v1.22.1-1827+e790d7fa218bce-dirty,11
unclassified,v1.22.3+4dd1b5a,11
unclassified,v1.24.10-vke.7,11
unclassified,v1.24.3+vmware.1,11
unclassified,v1.29.0-alpha.0.13+a6776f4e3961e5,11
unclassified,v1.9.5,11
unclassified,v0.5.1,10
unclassified,v1.20.15-vke.14,10
unclassified,v1.21.1+a620f50,10
unclassified,v1.21.11+31d53a1,10
unclassified,v1.21.11+vmware.1,10
unclassified,v1.21.2-1503+a620f506e95653-dirty,10
unclassified,v1.21.5+vmware.1,10
unclassified,v1.22.0-rc.0+a44d0f0,10
unclassified,v1.22.3+ffbb954,10
unclassified,v1.23.5+b0357ed,10
unclassified,v1.23.5+k3s1,10
unclassified,v1.24.10-vke.10,10
unclassified,v1.25.7+vmware.2-fips.1,10
unclassified,1.10.0,9
unclassified,1.12.0,9
unclassified,v0.0.0,9
unclassified,v0.5.2,9
unclassified,v0.6.0,9
unclassified,v1.12.10,9
unclassified,v1.12.4+0422-clusterip-bugfix,9
unclassified,v1.14.10-176+f80935b55f5711,9
unclassified,v1.14.8,9
unclassified,v1.15.1,9
unclassified,v1.18.1,9
unclassified,v1.18.12+rke2r2,9
unclassified,v1.18.3+vmware.1,9
unclassified,v1.19.0+9c69bdc,9
unclassified,v1.19.11,9
unclassified,v1.20.15+c596e68,9
unclassified,v1.20.15-1252+c596e68c5c1485-dirty,9
unclassified,v1.20.15-vke.10,9
unclassified,v1.20.15-vke.11,9
unclassified,v1.21.2-1505+6438632813d726-dirty,9
unclassified,v1.21.6+4b61f94,9
unclassified,v1.23.12+6b34f32,9
unclassified,v1.23.15+k3s1,9
unclassified,v1.23.5-rc.0.2062+9ce5071670476d-dirty,9
unclassified,v1.24.14+k3s1,9
unclassified,v1.25.0-2655+18eadcaadf0be7-dirty,9
unclassified,v1.25.10+k3s1,9
unclassified,v1.26.3+befad9d,9
unclassified,1.11.1,8
unclassified,f39d410,8
unclassified,v1.15.6,8
unclassified,v1.16.13,8
unclassified,v1.17.11,8
unclassified,v1.19.0+3b01205,8
unclassified,v1.19.0+d856161,8
unclassified,v1.19.3+vmware.1,8
unclassified,v1.20.5+rke2r1,8
unclassified,v1.20.6-3+0d37e637546742,8
unclassified,v1.22.14,8
unclassified,v1.23.16+vmware.1,8
unclassified,v1.23.5+vmware.1,8
unclassified,v1.23.5-rc.0.2068+b463d71c3d5ca3-dirty,8
unclassified,v1.24.0+9546431,8
unclassified,v1.24.3+k3s1,8
unclassified,v1.26.5+k3s1,8
unclassified,v1.28.0-beta.0.43+86b44a32229140,8
unclassified,1.6.0,7
unclassified,v1.10.11,7
unclassified,v1.18.3+64fc02b,7
unclassified,v1.18.3+fa69cae,7
unclassified,v1.19.0+9f84db3,7
unclassified,v1.19.5+flant.1,7
unclassified,v1.20.0+5fbfd19,7
unclassified,v1.20.0+75370d3,7
unclassified,v1.20.1+vmware.2,7
unclassified,v1.20.15+k3s1,7
unclassified,v1.22.1-1829+2cb60681522d23-dirty,7
unclassified,v1.22.13+vmware.1,7
unclassified,v1.22.8+c02bd9d,7
unclassified,v1.23.5+b463d71,7
unclassified,v1.24.14+vmware.1,7
unclassified,v1.25.12-1+f9d6004ddfe671,7
unclassified,v1.27.2+55f2dbe,7
unclassified,v1.27.3+ab0b8ee,7
unclassified,v1.29.0-alpha.0.9+a005617111cc44,7
unclassified,v3.11.0+07ae5a0-606,7
unclassified,v0.6.4,6
unclassified,v1.10.4,6
unclassified,v1.12.5,6
unclassified,v1.18.20-55+a492a94ce73a9d,6
unclassified,v1.18.3+47c0e71,6
unclassified,v1.18.3+b0068a8,6
unclassified,v1.18.6+vmware.1,6
unclassified,v1.18.8+vmware.1,6
unclassified,v1.19.1,6
unclassified,v1.19.4+vmware.2,6
unclassified,v1.19.8+vmware.2,6
unclassified,v1.20.0-1054+bafe72fb05eddc-dirty,6
unclassified,v1.20.0-1085+01c9f3f43ffcf0-dirty,6
unclassified,v1.20.6-tce.1.67+29966b41fe3a13-dirty,6
unclassified,v1.20.8+vmware.1,6
unclassified,v1.21.1+6438632,6
unclassified,v1.21.6+b4b4813,6
unclassified,v1.22.17+vmware.1,6
unclassified,v1.22.5+5c84e52,6
unclassified,v1.23.5+1f952b3,6
unclassified,v1.23.5+70fb84c,6
unclassified,v1.24.13-2+cd9733de84ad4b,6
unclassified,v1.24.8+1.el8,6
unclassified,v1.24.8-ske.p2,6
unclassified,v1.25.7+1.el8,6
unclassified,v1.8.4,6
unclassified,v2.0.2-tos-final-build-20200728-6-ge514bbfaf46257-dirty tdh,6
unclassified,v2.1.0-tos-final-build-20220805-dirty-tdh,6
unclassified,v0.0.0-master+$Format:%H$,5
unclassified,v1.10.12,5
unclassified,v1.10.3,5
unclassified,v1.11.3,5
unclassified,v1.15.7,5
unclassified,v1.16.10-BCS.patch.v0,5
